{"cameraMode":{"drawMode":0,"name":"Shaded","section":"Shading Mode"},"sceneLighting":false,"audioPlay":false,"sceneViewState":{"m_AlwaysRefresh":false,"showFog":false,"showSkybox":false,"showFlares":false,"showImageEffects":false,"showParticleSystems":false,"showVisualEffectGraphs":true,"m_FxEnabled":true},"in2DMode":false,"pivot":{"x":2.0012893676757814,"y":-1.2004632949829102,"z":-2.1413700580596926},"rotation":{"x":0.06870987266302109,"y":0.9135301113128662,"z":-0.17361150681972505,"w":0.36148959398269656},"size":1.8814213275909424,"orthographic":false}