{"cameraMode":{"drawMode":0,"name":"Shaded","section":"Shading Mode"},"sceneLighting":false,"audioPlay":false,"sceneViewState":{"m_AlwaysRefresh":false,"showFog":true,"showSkybox":false,"showFlares":true,"showImageEffects":true,"showParticleSystems":true,"showVisualEffectGraphs":true,"m_FxEnabled":true},"in2DMode":false,"pivot":{"x":146.7602081298828,"y":1.9775296449661255,"z":-2.2561705112457277},"rotation":{"x":-0.0923301950097084,"y":0.07013566046953201,"z":0.006509975530207157,"w":0.9932456612586975},"size":1.1277904510498047,"orthographic":false}